name, street_address, city, state, zip_code, phone
Aberdeen Recreation Inc, 415 W Heron St, Aberdeen, WA, 98520-6122, 360-532-7977
Matt Surina’s Bowler’s World, 12409 W Sunset Hwy, Airway Heights, WA, 99001, 509-244-3114
San Juan Lanes 2821, Commercial Ave, Anacortes, WA, 98221-2735, 360-293-5185
Melady Lanes, 420 N Olympic Ave, Arlington, WA, 98223-1245, 360-435-2466
AMF Sun Villa Lanes, 3080 148th Ave SE, Bellevue, WA, 98007-6420, 425-455-8155
Park Bowl Restaurant & Lounge, 4175 Meridian St, Bellingham, WA, 98226-5514, 360-734-1430
20th Century Lanes, 1411 N State St, Bellingham, WA, 98225-4512, 360-734-5250
Bay Bowl, 2313 Wheaton Way, Bremerton, WA, 98310-4347, 360-377-2103
AMF West Park Lanes, 540 Bruenn Ave, Bremerton, WA, 98312-3100, 360-377-5551
Regency Lanes lTusko’s Café, 15051 Des Moines Memorial Dr, Burien, WA, 98148-1132, 206-242-3292
Riverside Bowl, 3010 NE 3rd Ave, Carnas, WA, 98607-2319, 360-834-4837
Centralia Bowl, 827 N Tower Ave, Centralia, WA, 98531-4756, 360-736-3815
Fairlanes Bowl, 1501 5 Gold St, Centralia, WA, 98531-8952, 360-736-4100
Chehalis Bowl, 837 S Market Blvd, Chehalis, WA, 98532-3421, 360-748-7236
Chelan Lanes, 518 W Manson Rd, Chelan, WA, 98816, 509-682-2251
Bowling Alley-Chewelah Rec, 108 E Lincoln Ave, Chewelah, WA, 99109-8952, 509-935-8338
Lancer Lanes, 1250 Bridge St, Clarkston, WA, 99403-2219, 509-758-6731
Wheatland Lanes, 206 N Main St, Colfax, WA, 99111-1802, 509-397-3521
Copper Bowl, 750 S Main St, Colville, WA, 99114-2508, 509-684-8035
Riverview Lanes, 515 River Dr, Coulee Dam, WA, 99116-1327, 509-633-2225
Davenport Lanes & Restaurant, 51 Morgan St, Davenport, WA, 99122-9553, 509-725-2695
Blue Mountain Lanes, 523 W Main St, Dayton, WA, 99328-1235, 509-382-2765
Deer Park Lanes, 125 E J St, Deer Park, WA, 99006, 509-276-5008
Greater Seattle Women’s Blng 705 5, 222nd St, Des Moines, WA, 98198-6234, 206-878-4669
Robin Hood Lanes, 9801 Edmonds Way, Edmonds, WA, 98020-5901, 425-776-2101
Rodeo Bowl & Entertainment Center, 830 N Poplar St, Ellensburg, WA, 98926-2960, 509-925-1211
Ellensburg Bowl, 360 Fairview Rd, Ellensburg, WA, 98926-7143, 509-925-1211
Elma Lanes & Restaurant, 605 E Main St, Elma, WA, 98541-9353, 360-482-6051
Tyee Lanes, 914 N Broadway, Everett, WA, 98201-1409, 425-259-6161
Billy Mac’s Pro Shop, 914 N Broadway, Everett, WA, 98201-1409, 425-317-0424
Northwest Bowling, 2406 Broadway, Everett, WA, 98201-3019, 425-339-8538
Evergreen Lanes, 5111 Claremont Way, Everett, WA, 98203-3319, 425-259-7206
Glacier Bowling Lanes, 9630 Evergreen Way, Everett, WA, 98204-7139, 425-353-8292
Fairchild Bowling Lanes, 130 N Foulois Ave #2248D, Fairchild AFB, WA, 99011-8675, 509-244-2162
Secoma Lanes, 34500 Pacific Hwy S, Federal Way, WA, 98003-6819, 253-927-0611
Mt Baker Lanes, 1788 Labounty Dr, Femdale, WA, 98248-9496, 360-384-0235
Sunset Lanes, 261 E St, Forks, WA, 98331, 360-374-5323
Freeland Lanes, 5575 Harbor Ave, Freeland, WA, 98249, 360-331-5070
Golden Lanes Bowling, 1005 S Columbus Ave, Goldendale, WA, 98620-9034, 509-773-5525
Tiger Bowl, 211 N Parkway Ave, Battle Ground, WA, 98604-9155, 360-687-2101
Spare Time Bowl, 615 30th St, Hoquiam, WA, 98550-4230, 360-532-2695
Hilander Bowl, 1509 Allen St, Kelso, WA, 98626-4904, 360-423-1500
Kenmore Lanes Card Room, 7638 NE Bothell Way, Kenmore, WA, 98028-3522, 425-486-5555
Columbia Lanes, 7425 W Clearwater Ave, Kennewick, WA, 99336-1643, 509-783-0638
Washington Womens Bowling Assn, 10 N Washington St #2, Kennewick, WA, 99336-3859, 509-586-920
Celebrity Bowl, 711 W Vineyard Dr, Kennewick, WA, 99336-5591, 509-582-4343
Kent Bowl, 1234 Central Ave N, Kent, WA, 98032-3042, 253-852-3550
Totem Bowl, 13033 NE 70th Pl #1, Kirkland, WA, 98033-8699, 425-822-7900
Hilltop Bowl, 601 N 1st Ave, llwaco, WA, 98624, 360-642-4440
Triangle Bowl, 2010 12th Ave, Longview, WA, 98632-3989, 360-425-4060
Foxx Bowl, 1652 Commerce Ave, Longview, WA, 98632-4103, 360-425-7979
Brunswick Majestic Lanes, 1222 164th St SW, Lynnwood, WA, 98037-8839, 425-743-4422
Lynnwood Bowling Lanes, 6210 200th St SW, Lynnwood, WA, 98038-6054, 425-778-3133
Strawberry Lanes, 1067 Columbia Ave, Marysville, WA, 98270-4321, 360-659-7641
Monte Lanes, 222 Wynooche Ave E, Montesano, WA, 98563-4513, 360-249-3493
Alpine Bowl, Westlake Ave, Morton, WA, 98356, 360-496-5575
Lake Bowl Inc, 1165 N Stratford Rd, Moses Lake, WA, 98837-1514, 509-765-1248
Riverside Lanes, 225 Riverside Ln, Mt Vernon, WA, 98273-5401, 360-424-4221
Oak Bowl, 531 SE Midway Blvd, Oak Harbor, WA, 98277-5023, 360-679-2533
Ocean Shores Bowl, 125 W Chance A La Mer NW, Ocean Shores, WA, 98569-9330, 360-289-2231
Shores Bowl, 125 W Chance A La Mer NW, Ocean Shores, WA, 98569-9330, 360-289-9356
Tumwater Lanes, 204 T St SW, Olympia, WA, 98501-4550, 360-943-1672
Westside Lanes, 2200 Garfield St NW, Olympia, WA, 98502, 360-943-2400
Aztec Lanes, 2825 Martin Way E, Olympia, WA, 98506-4945, 360-357-8808
Valley Lanes, 740 E Riverside Dr, Omak, WA, 98841, 509-826-1273
Brunswick Bar & Grill, 28 E Main St, Othello, WA, 99344-1038, 509-488-9861
Othello Bowl, 1312 E Main St, Othello, WA, 99344-1559, 509-488-9561
Bowling Strikes & Spares Shop, 2799 W Lewis St, Pasco, WA, 99301-4519, 509-547-2695
Port Angeles Lanes, 1714 E 1st St, Port Angeles, WA, 98362-4904, 360-457-7570
Laurel Lanes Corp, 108 W 8th St, Port Angeles, WA, 98362-6032, 360-457-5858
Kitsap Women’s Bowling Assn, 3151 SE Calaveras, Port Orchard, WA, 98366-1522, 360-876-1542
Hi-Joy Bowl, 1011 Bethel Ave, Port Orchard, WA, 98366-4207, 360-876-8111
Kitsap County Men’s Bowling, 7646 Spurling Ln SE, Port Orchard, WA, 98367-9573, 360-876-8209
Leisure Lanes Inc, 1225 S Grand Ave, Pullman, WA, 99163-2039, 509-334-2617
DaffodU Entertainment Center, 1624 E Main Ave, Puyallup, WA, 98372-3142, 253-845-9166
Spare-C-Lanes Restaurant, 404 1st Ave SW Quincy, WA, 98848-1201, 509-787-2615
Hillcrest Bowl, 2809 NE Sunset Blvd Renton, WA, 98056-3105, 425-226-1600
Fiesta Bowl, 624 Wellsian Way, Richland, WA, 99352-4122, 509-943-1173
Big Bend Bowl, 119 E Main Ave, Ritzville, WA, 99169-1405, 509-659-0540
Sunset Bowl, 1420 NW Market St, Seattle, WA, 98107-3743, 206-782-7310
Greater Seattle Men's Bowling, 4505 39th Ave SW #A, Seattle, WA, 98116-4209, 206-248-9414
West Seattle Bowl, 4505 39th Ave SW, Seattle, WA, 98116-4209, 206-932-3731
AMF Roxbury Lanes, 2623 SW Roxbury St, Seattle, WA, 98126-4148, 206-935-7400
Leilani Lanes, 10201 Greenwood Ave N, Seattle, WA, 98133-9199, 206-783-8010
AMF Imperial Lanes, 2101 22nd Ave S, Seattle, WA, 98144-4521, 206-325-2533
Magic Lanes, 10612 15th Ave SW, Seattle, WA, 98146-2139, 206-244-5060
Hi-Line Lanes Inc, 15733 Ambaum Blvd SW, Seattle, WA, 98166-2524, 206-244-2272
Skyway Park Bowl & Casino, 11819 Renton Ave S, Seattle, WA, 98178-3723, 206-772-1220
AMF Lewis & Clark Lanes, 15830 Interurban Ave, Seattle, WA, 98188, 206-244-2902
Olympic Lanes, 710 E Washington St, Sequim, WA, 98382-3814, 360-683-3500
Timber Bowl, 733 S 1st St, Shelton, WA, 98584-3601, 360-426-8452
AD Star Lanes, 10710 Silverdale Way NW, Silverdale, WA, 98383-9448, 360-692-5760
Mount Si Bowl, 7940 Railroad Ave SE, Snoqualmie, WA, 98065, 425-888-1377
North Bowl, 125 W Sinto Ave, Spokane, WA, 99201-2390, 509-328-7090
Colonial City Bowl, 121 E Boone Ave, Spokane, WA, 99202-1742, 509-328-0550
Lilac Lanes, 1112 E Magnesium Rd, Spokane, WA, 99208-7393, 509-467-5228
Valley Bowl Inc, 8005 E Sprague Ave, Spokane, WA, 99212-2983, 509-926-6245
Twin City Lanes, 27120 92nd Av NW, Stanwood, WA, 98292, 360-629-3001
Valley Lanes, 1802 E Edison Ave, Sunnyside, WA, 98944-1650, 509-839-6103
Lincoln Bowl Restaurant, 3828 S Yakima Ave, Tacoma, WA, 98405-5091, 253-474-1800
Tower Inn & Lanes, 6323 6th Ave, Tacoma, WA, 98406-2021, 253-564-8853
Chalet Bowl & 26th Street Café, 3806 N 26th St, Tacoma, WA, 98407-5808, 253-752-5200
Lincoln Lanes, 3828 5 Yakima Ave, Tacoma, WA, 98408-5019, 253-474-9454
Pacific Lanes, 7015 S D St, Tacoma, WA, 98408-6112, 253-474-0594
New Frontier Lanes, 4702 Center St, Tacoma, WA, 98409-2398, 253-564-8555
Paradise Village Bowl, 12505 Pacific Ave S, Tacoma, WA, 98444-5064, 253-537-6012
Narrows Plaza Bowl & Entrtn, 2200 Mildred St W, Tacoma, WA, 98466-6041, 253-585-1007
AMF Bowlero Lanes, 3852 Steilacoorn Blvd SW, Tacoma, WA, 98499-4552, 253-584-0212
Clark County Women’s Bowling, 2727 E Evergreen Blvd #P, Vancouver, WA, 98661-4900, 360-693-8142
AMF Timber Lanes, 2306 NE Andresen Rd, Vancouver, WA, 98661-7310, 360-694-8404
Hazel Dell Lanes, 6300 NE Highway 99, Vancouver, WA, 98665-8715, 360-694-8364
Classic Lanes, 11605 SE Mcgillivray Blvd, Vancouver, WA, 98683-5203, 360-882-6921
Allen’s Crosley Lanes, 2400 E Evergreen Blvd, Vancouver, WA, 98661-4321, 360-693-4789
Stardust Lanes, 330 S 2nd Ave, Walla Walla, WA, 99362-3035, 509-525-3536
Bowlaway Lanes, 411 Ash St, Walla Walla, WA, 99362-2242, 509-529-3000
Eastmont Lanes Inc, 704 Grant Rd East, Wenatchee, WA, 98802-5429, 509-884-3593
Fairweather Lanes, 612 Metcalf St Sedro, Woolley, WA, 98284-1419, 360-855-0808
Minda Lanes, 701 S 2nd St, Yakima, WA, 98901-3295, 509-248-0530
Eagle Lanes, 307 1/2 W Chestnut Ave, Yakima, WA, 98902-3437, 509-452-0223
Nob Hill Bowling, 3807 W Nob Hill Blvd, Yakima, WA, 98902-4740, 509-966-1070
Prairie Lanes, 202 E Yelm Ave Yelm, WA, 98597, 360-458-2695